splitter,chunk_size,overlap,retriever,k,n_chunks,n_queries_scored,recall,ndcg
recursive_char,512,100,chroma,1,29996,61,0.17131147540983604,0.21311475409836064
token,256,40,faiss_flat,1,15610,61,0.16721311475409834,0.21311475409836064
token,256,40,faiss_hnsw,1,15610,61,0.16721311475409834,0.21311475409836064
char,256,64,faiss_flat,1,45355,61,0.16721311475409834,0.19672131147540983
char,256,64,faiss_hnsw,1,45355,61,0.16721311475409834,0.19672131147540983
char,256,64,chroma,1,45355,61,0.16721311475409834,0.19672131147540983
char,512,100,faiss_flat,1,24524,61,0.16721311475409834,0.19672131147540983
char,512,100,faiss_hnsw,1,24524,61,0.16721311475409834,0.19672131147540983
char,512,100,chroma,1,24524,61,0.16721311475409834,0.19672131147540983
recursive_char,512,100,faiss_hnsw,1,29996,61,0.15491803278688523,0.19672131147540983
token,256,40,chroma,1,15610,61,0.15901639344262294,0.19672131147540983
recursive_char,256,64,faiss_hnsw,1,53567,61,0.15901639344262294,0.18032786885245902
recursive_char,512,100,faiss_flat,1,29996,61,0.15081967213114753,0.18032786885245902
recursive_char,256,64,chroma,1,53567,61,0.1426229508196721,0.16393442622950818
recursive_char,256,64,faiss_flat,1,53567,61,0.13934426229508196,0.14754098360655737
token,128,20,faiss_flat,1,21450,61,0.1098360655737705,0.13114754098360656
token,128,20,faiss_hnsw,1,21450,61,0.1098360655737705,0.13114754098360656
token,128,20,chroma,1,21450,61,0.1098360655737705,0.13114754098360656
char,256,64,bm25,1,45355,61,0.04016393442622951,0.06557377049180328
char,512,100,bm25,1,24524,61,0.05737704918032787,0.06557377049180328
token,128,20,bm25,1,21450,61,0.05327868852459016,0.06557377049180328
token,256,40,bm25,1,15610,61,0.05327868852459016,0.06557377049180328
recursive_char,256,64,bm25,1,53567,61,0.04918032786885246,0.04918032786885246
recursive_char,512,100,bm25,1,29996,61,0.036065573770491806,0.04918032786885246
token,256,40,faiss_flat,3,15610,61,0.25163934426229506,0.26053752886417003
token,256,40,faiss_hnsw,3,15610,61,0.25163934426229506,0.26053752886417003
char,512,100,faiss_flat,3,24524,61,0.25163934426229506,0.25019441814988386
char,512,100,faiss_hnsw,3,24524,61,0.25163934426229506,0.25019441814988386
char,512,100,chroma,3,24524,61,0.25163934426229506,0.25019441814988386
token,256,40,chroma,3,15610,61,0.24344262295081967,0.24414408624121922
recursive_char,512,100,chroma,3,29996,61,0.21885245901639344,0.2406816442014935
token,128,20,faiss_flat,3,21450,61,0.2680327868852459,0.2373607364761642
token,128,20,faiss_hnsw,3,21450,61,0.2680327868852459,0.2373607364761642
token,128,20,chroma,3,21450,61,0.2680327868852459,0.2373607364761642
char,256,64,faiss_flat,3,45355,61,0.21065573770491802,0.23380097552693305
char,256,64,faiss_hnsw,3,45355,61,0.21065573770491802,0.23380097552693305
char,256,64,chroma,3,45355,61,0.21065573770491802,0.23380097552693305
recursive_char,256,64,faiss_hnsw,3,53567,61,0.22704918032786886,0.2244824000592995
recursive_char,512,100,faiss_hnsw,3,29996,61,0.2024590163934426,0.22428820157854265
recursive_char,512,100,faiss_flat,3,29996,61,0.21065573770491802,0.21609148026706726
recursive_char,256,64,faiss_flat,3,53567,61,0.21721311475409835,0.20203862552768406
recursive_char,256,64,chroma,3,53567,61,0.1942622950819672,0.19672131147540983
token,256,40,bm25,3,15610,61,0.13442622950819672,0.12807393524364855
token,128,20,bm25,3,21450,61,0.1180327868852459,0.11773082452936234
char,512,100,bm25,3,24524,61,0.1098360655737705,0.11187469110145457
char,256,64,bm25,3,45355,61,0.10163934426229508,0.10665469595868576
recursive_char,256,64,bm25,3,53567,61,0.1139344262295082,0.10479982394613727
recursive_char,512,100,bm25,3,29996,61,0.08114754098360656,0.08840638132318644
token,256,40,faiss_flat,5,15610,61,0.33825136612021856,0.3082429416580526
token,256,40,faiss_hnsw,5,15610,61,0.33825136612021856,0.3082429416580526
token,256,40,chroma,5,15610,61,0.33005464480874314,0.2918494990351018
char,512,100,faiss_flat,5,24524,61,0.32459016393442625,0.2843613296294106
char,512,100,faiss_hnsw,5,24524,61,0.32459016393442625,0.2843613296294106
char,512,100,chroma,5,24524,61,0.32459016393442625,0.2843613296294106
token,128,20,faiss_flat,5,21450,61,0.3450819672131148,0.2816173009970497
token,128,20,faiss_hnsw,5,21450,61,0.3450819672131148,0.2816173009970497
token,128,20,chroma,5,21450,61,0.3450819672131148,0.2816173009970497
recursive_char,512,100,chroma,5,29996,61,0.2836065573770492,0.2724938898529989
recursive_char,256,64,faiss_hnsw,5,53567,61,0.3008196721311476,0.26441428174478465
recursive_char,512,100,faiss_flat,5,29996,61,0.2836065573770492,0.25779692208317334
recursive_char,512,100,faiss_hnsw,5,29996,61,0.26721311475409837,0.25610044723004805
char,256,64,faiss_flat,5,45355,61,0.25163934426229506,0.24662535747693362
char,256,64,faiss_hnsw,5,45355,61,0.25163934426229506,0.24662535747693362
char,256,64,chroma,5,45355,61,0.25163934426229506,0.24662535747693362
recursive_char,256,64,faiss_flat,5,53567,61,0.29754098360655734,0.24196964751338518
recursive_char,256,64,chroma,5,53567,61,0.2680327868852459,0.236653193160895
token,256,40,bm25,5,15610,61,0.1918032786885246,0.14969438839670834
token,128,20,bm25,5,21450,61,0.17540983606557375,0.13791443339262371
char,512,100,bm25,5,24524,61,0.15901639344262294,0.13277586240983114
char,256,64,bm25,5,45355,61,0.15081967213114753,0.1270446039816857
recursive_char,256,64,bm25,5,53567,61,0.15491803278688523,0.11737074822321043
recursive_char,512,100,bm25,5,29996,61,0.09754098360655739,0.09546665276701256
token,256,40,faiss_flat,10,15610,61,0.43989071038251365,0.3417586321895794
token,256,40,faiss_hnsw,10,15610,61,0.43989071038251365,0.3417586321895794
token,256,40,chroma,10,15610,61,0.4234972677595628,0.32835650775754743
char,512,100,faiss_flat,10,24524,61,0.46448087431693985,0.3276667038865941
char,512,100,faiss_hnsw,10,24524,61,0.46448087431693985,0.3276667038865941
char,512,100,chroma,10,24524,61,0.46448087431693985,0.3276667038865941
recursive_char,512,100,chroma,10,29996,61,0.3907103825136612,0.3125700713439354
token,128,20,faiss_flat,10,21450,61,0.4275956284153005,0.30981022240131306
token,128,20,faiss_hnsw,10,21450,61,0.4275956284153005,0.30981022240131306
token,128,20,chroma,10,21450,61,0.4275956284153005,0.30981022240131306
char,256,64,faiss_hnsw,10,45355,61,0.3975409836065574,0.30362770994827937
char,256,64,faiss_flat,10,45355,61,0.38934426229508196,0.30218626570722895
char,256,64,chroma,10,45355,61,0.38934426229508196,0.30218626570722895
recursive_char,512,100,faiss_flat,10,29996,61,0.3907103825136612,0.29740080652170603
recursive_char,512,100,faiss_hnsw,10,29996,61,0.37431693989071035,0.29617662872098455
recursive_char,256,64,faiss_hnsw,10,53567,61,0.3729508196721312,0.2828714713667713
recursive_char,256,64,faiss_flat,10,53567,61,0.36475409836065575,0.2656761209420431
recursive_char,256,64,chroma,10,53567,61,0.3401639344262295,0.25554317049546915
token,256,40,bm25,10,15610,61,0.27377049180327867,0.17610777265974248
token,128,20,bm25,10,21450,61,0.24918032786885244,0.16606966995641234
char,512,100,bm25,10,24524,61,0.24098360655737705,0.165479925979957
char,256,64,bm25,10,45355,61,0.24918032786885244,0.16490835503832066
recursive_char,512,100,bm25,10,29996,61,0.2040983606557377,0.13583336758293296
recursive_char,256,64,bm25,10,53567,61,0.2024590163934426,0.13220635559102462
token,256,40,faiss_flat,20,15610,61,0.5546448087431693,0.36080273312881955
token,256,40,faiss_hnsw,20,15610,61,0.5546448087431693,0.36080273312881955
token,256,40,chroma,20,15610,61,0.5382513661202185,0.34866315505084633
char,512,100,chroma,20,24524,61,0.5505464480874316,0.3483734573358919
char,512,100,faiss_flat,20,24524,61,0.5505464480874316,0.34834972757601723
char,512,100,faiss_hnsw,20,24524,61,0.5505464480874316,0.34834972757601723
recursive_char,512,100,chroma,20,29996,61,0.5259562841530054,0.345780192263045
recursive_char,512,100,faiss_flat,20,29996,61,0.5259562841530054,0.3323932044238153
token,128,20,faiss_flat,20,21450,61,0.5136612021857924,0.32995275149802766
token,128,20,faiss_hnsw,20,21450,61,0.5136612021857924,0.32995275149802766
token,128,20,chroma,20,21450,61,0.5218579234972678,0.3297878380455605
recursive_char,512,100,faiss_hnsw,20,29996,61,0.4931693989071038,0.324995974790376
char,256,64,faiss_hnsw,20,45355,61,0.4849726775956284,0.31632751827604866
char,256,64,chroma,20,45355,61,0.4849726775956284,0.31577199953090207
char,256,64,faiss_flat,20,45355,61,0.4849726775956284,0.3156623026419287
recursive_char,256,64,faiss_hnsw,20,53567,61,0.4849726775956284,0.31359809400840005
recursive_char,256,64,faiss_flat,20,53567,61,0.45491803278688525,0.2938584479377798
recursive_char,256,64,chroma,20,53567,61,0.44398907103825136,0.286434706589565
token,256,40,bm25,20,15610,61,0.33114754098360655,0.19391478485021857
token,128,20,bm25,20,21450,61,0.2983606557377049,0.17893396780886883
char,256,64,bm25,20,45355,61,0.30163934426229505,0.1747130280827587
char,512,100,bm25,20,24524,61,0.2819672131147541,0.17357515232962592
recursive_char,512,100,bm25,20,29996,61,0.2532786885245902,0.14723242432108405
recursive_char,256,64,bm25,20,53567,61,0.23852459016393443,0.14314180651605968
